{
  "<pad>": 0,
  "<go_r>": 1,
  "<unk>": 2,
  "<eos_u>": 3,
  "<eos_r>": 4,
  "<eos_b>": 5,
  "<eos_as>": 6,
  "<eos_av>": 7,
  "<go_as>": 8,
  "<go_av>": 9,
  "<eos_b1>": 10,
  "<eos_b2>": 11,
  "<eos_b3>": 12,
  "[value_address]": 13,
  "[value_name]": 14,
  "[value_phone]": 15,
  "[value_postcode]": 16,
  "[value_food]": 17,
  "[value_area]": 18,
  "[value_pricerange]": 19,
  "food": 20,
  "price": 21,
  "area": 22,
  "dontcare": 23,
  ".": 24,
  "the": 25,
  "is": 26,
  "you": 27,
  "?": 28,
  "i": 29,
  ",": 30,
  "in": 31,
  "of": 32,
  "and": 33,
  "restaurant": 34,
  "a": 35,
  "number": 36,
  "town": 37,
  "phone": 38,
  "thank": 39,
  "there": 40,
  "for": 41,
  "part": 42,
  "address": 43,
  "goodbye": 44,
  "would": 45,
  "like": 46,
  "are": 47,
  "that": 48,
  "range": 49,
  "what": 50,
  "can": 51,
  "their": 52,
  "restaurants": 53,
  "serves": 54,
  "have": 55,
  "do": 56,
  "else": 57,
  "please": 58,
  "good": 59,
  "no": 60,
  "located": 61,
  "looking": 62,
  "bye": 63,
  "anything": 64,
  "!": 65,
  "at": 66,
  "to": 67,
  "help": 68,
  "priced": 69,
  "it": 70,
  "south": 71,
  "cheap": 72,
  "expensive": 73,
  "with": 74,
  "north": 75,
  "an": 76,
  "postcode": 77,
  "about": 78,
  "am": 79,
  "any": 80,
  "east": 81,
  "yes": 82,
  "type": 83,
  "'s": 84,
  "moderately": 85,
  "your": 86,
  "me": 87,
  "how": 88,
  "welcome": 89,
  "find": 90,
  "serving": 91,
  "'m": 92,
  "n't": 93,
  "west": 94,
  "want": 95,
  "'re": 96,
  "one": 97,
  "care": 98,
  "or": 99,
  "on": 100,
  "they": 101,
  "system": 102,
  "moderate": 103,
  "serve": 104,
  "need": 105,
  "chinese": 106,
  "information": 107,
  "sorry": 108,
  "using": 109,
  "all": 110,
  "italian": 111,
  "be": 112,
  "may": 113,
  "indian": 114,
  "side": 115,
  "centre": 116,
  "not": 117,
  "something": 118,
  "two": 119,
  "day": 120,
  "european": 121,
  "give": 122,
  "prefer": 123,
  "great": 124,
  "preference": 125,
  "which": 126,
  "could": 127,
  "nice": 128,
  "british": 129,
  "enjoy": 130,
  "hello": 131,
  "today": 132,
  "thanks": 133,
  "different": 134,
  "our": 135,
  "city": 136,
  "another": 137,
  "will": 138,
  "also": 139,
  "its": 140,
  "matching": 141,
  "found": 142,
  "get": 143,
  "them": 144,
  "more": 145,
  "other": 146,
  "portuguese": 147,
  "cambridge": 148,
  "location": 149,
  "does": 150,
  "french": 151,
  "very": 152,
  "but": 153,
  "turkish": 154,
  "'d": 155,
  "thai": 156,
  "recommend": 157,
  "try": 158,
  "asian": 159,
  "place": 160,
  "request": 161,
  "oriental": 162,
  "international": 163,
  "cuisine": 164,
  "this": 165,
  "spanish": 166,
  "three": 167,
  "several": 168,
  "know": 169,
  "vietnamese": 170,
  "fine": 171,
  "mediterranean": 172,
  "code": 173,
  "meal": 174,
  "ok": 175,
  "sounds": 176,
  "okay": 177,
  "as": 178,
  "much": 179,
  "korean": 180,
  "if": 181,
  "interested": 182,
  "hi": 183,
  "available": 184,
  "kind": 185,
  "matter": 186,
  "gastropub": 187,
  "post": 188,
  "some": 189,
  "those": 190,
  "center": 191,
  "called": 192,
  "search": 193,
  "we": 194,
  "then": 195,
  "needed": 196,
  "tell": 197,
  "results": 198,
  "listed": 199,
  "calling": 200,
  "only": 201,
  "again": 202,
  "further": 203,
  "lebanese": 204,
  "criteria": 205,
  "options": 206,
  "four": 207,
  "both": 208,
  "mexican": 209,
  "evening": 210,
  "malaysian": 211,
  "so": 212,
  "suggest": 213,
  "instead": 214,
  "additional": 215,
  "look": 216,
  "irish": 217,
  "where": 218,
  "mind": 219,
  "just": 220,
  "well": 221,
  "too": 222,
  "specific": 223,
  "modern": 224,
  "caribbean": 225,
  "american": 226,
  "japanese": 227,
  "name": 228,
  "reached": 229,
  "call": 230,
  "course": 231,
  "jamaican": 232,
  "particular": 233,
  "swedish": 234,
  "five": 235,
  "us": 236,
  "either": 237,
  "assist": 238,
  "christmas": 239,
  "cantonese": 240,
  "query": 241,
  "info": 242,
  "sure": 243,
  "3": 244,
  "choosing": 245,
  "danish": 246,
  "vegetarian": 247,
  "check": 248,
  "persian": 249,
  "contact": 250,
  "street": 251,
  "'ll": 252,
  "really": 253,
  "road": 254,
  "australasian": 255,
  "might": 256,
  "provide": 257,
  "welsh": 258,
  "swiss": 259,
  "fit": 260,
  "dont": 261,
  "certain": 262,
  "unfortunately": 263,
  "indonesian": 264,
  "trying": 265,
  "brazilian": 266,
  "has": 267,
  "records": 268,
  "african": 269,
  "matches": 270,
  "here": 271,
  "my": 272,
  "nandos": 273,
  "english": 274,
  "catalan": 275,
  "austrian": 276,
  "quite": 277,
  "assistance": 278,
  "scandinavian": 279,
  ":": 280,
  "wonderful": 281,
  "moroccan": 282,
  "inexpensive": 283,
  "match": 284,
  "world": 285,
  "let": 286,
  "option": 287,
  "corsica": 288,
  "la": 289,
  "places": 290,
  "kosher": 291,
  "perfect": 292,
  "show": 293,
  "cuban": 294,
  "hungarian": 295,
  "halal": 296,
  "long": 297,
  "postal": 298,
  "venue": 299,
  "fusion": 300,
  "russian": 301,
  "nope": 302,
  "was": 303,
  "work": 304,
  "wok": 305,
  "5": 306,
  "meeting": 307,
  "21-24": 308,
  "northampton": 309,
  "change": 310,
  "scottish": 311,
  "restraunt": 312,
  "make": 313,
  "should": 314,
  "listings": 315,
  "most": 316,
  "these": 317,
  "telephone": 318,
  "tuscan": 319,
  "anatolia": 320,
  "many": 321,
  "choose": 322,
  "certainly": 323,
  "excellent": 324,
  "anywhere": 325,
  "narrow": 326,
  "lot": 327,
  "australian": 328,
  "golden": 329,
  "somewhere": 330,
  "traditional": 331,
  "did": 332,
  "meet": 333,
  "go": 334,
  "sound": 335,
  "first": 336,
  "description": 337,
  "venues": 338,
  "requests": 339,
  "barbeque": 340,
  "now": 341,
  "chesterton": 342,
  "nirala": 343,
  "think": 344,
  "preferences": 345,
  "4": 346,
  "venetian": 347,
  "fits": 348,
  ";": 349,
  "binh": 350,
  "best": 351,
  "night": 352,
  "basque": 353,
  "polish": 354,
  "afghan": 355,
  "see": 356,
  "offer": 357,
  "everything": 358,
  "steakhouse": 359,
  "numbers": 360,
  "im": 361,
  "ca": 362,
  "second": 363,
  "service": 364,
  "panasian": 365,
  "thier": 366,
  "'ve": 367,
  "interest": 368,
  "few": 369,
  "actually": 370,
  "stay": 371,
  "category": 372,
  "types": 373,
  "showing": 374,
  "belgian": 375,
  "nothing": 376,
  "ok.": 377,
  "canapes": 378,
  "eat": 379,
  "suggestion": 380,
  "down": 381,
  "greek": 382,
  "choice": 383,
  "looks": 384,
  "were": 385,
  "finding": 386,
  "searching": 387,
  "da": 388,
  "vinci": 389,
  "pizzeria": 390,
  "reach": 391,
  "such": 392,
  "restaraunt": 393,
  "hope": 394,
  "restaurnt": 395,
  "[value_postcode].q": 396,
  "raza": 397,
  "bistro": 398,
  "choices": 399,
  "alimentum": 400,
  "however": 401,
  "sir": 402,
  "from": 403,
  "locations": 404,
  "correct": 405,
  "style": 406,
  "royal": 407,
  "spice": 408,
  "been": 409,
  "by": 410,
  "pleasure": 411,
  "problem": 412,
  "eritrean": 413,
  "specializes": 414,
  "[value_postcode].": 415,
  "2": 416,
  "apologize": 417,
  "german": 418,
  "awesome": 419,
  "regarding": 420,
  "pizza": 421,
  "hut": 422,
  "possible": 423,
  "database": 424,
  "cocum": 425,
  "addresses": 426,
  "requirements": 427,
  "thing": 428,
  "bill": 429,
  "apologies": 430,
  "14": 431,
  "-": 432,
  "having": 433,
  "frankie": 434,
  "bennys": 435,
  "questions": 436,
  "expand": 437,
  "glad": 438,
  "end": 439,
  "preferred": 440,
  "pipasha": 441,
  "saint": 442,
  "singaporean": 443,
  "milton": 444,
  "while": 445,
  "experience": 446,
  "upscale": 447,
  "oh": 448,
  "up": 449,
  "around": 450,
  "out": 451,
  "yu": 452,
  "garden": 453,
  "ranges": 454,
  "wanted": 455,
  "each": 456,
  "ask": 457,
  "unusual": 458,
  "direct": 459,
  "saigon": 460,
  "restauant": 461,
  "wanting": 462,
  "id": 463,
  "closest": 464,
  "specification": 465,
  "curry": 466,
  "prince": 467,
  "wait": 468,
  "meets": 469,
  "offering": 470,
  "1223": 471,
  "send": 472,
  "nine": 473,
  "afraid": 474,
  "cherry": 475,
  "hinton": 476,
  "eatery": 477,
  "appreciate": 478,
  "hey": 479,
  "resteraunt": 480,
  "couple": 481,
  "desired": 482,
  "near": 483,
  "others": 484,
  "got": 485,
  "preferably": 486,
  "pretty": 487,
  "because": 488,
  "cost": 489,
  "6": 490,
  "cote": 491,
  "nearby": 492,
  "seafood": 493,
  "hotel": 494,
  "619": 495,
  "creative": 496,
  "johns": 497,
  "chop": 498,
  "house": 499,
  "locate": 500,
  "thanh": 501,
  "tanh": 502,
  "areas": 503,
  "desire": 504,
  "20": 505,
  "use": 506,
  "take": 507,
  "bar": 508,
  "tasca": 509,
  "served": 510,
  "servers": 511,
  "dine": 512,
  "come": 513,
  "delicious": 514,
  "lovely": 515,
  "reasonably": 516,
  "inquiry": 517,
  "lucky": 518,
  "star": 519,
  "high": 520,
  "contacting": 521,
  "dining": 522,
  "8": 523,
  "require": 524,
  "names": 525,
  "downtown": 526,
  "convenient": 527,
  "22": 528,
  "believe": 529,
  "9": 530,
  "hmm": 531,
  "sort": 532,
  "sytem": 533,
  "andrews": 534,
  "next": 535,
  "bummer": 536,
  "same": 537,
  "rated": 538,
  "requested": 539,
  "romanian": 540,
  "bbq": 541,
  "anyone": 542,
  "list": 543,
  "restuarant": 544,
  "ten": 545,
  "absolutely": 546,
  "than": 547,
  "money": 548,
  "least": 549,
  "139": 550,
  "24": 551,
  "green": 552,
  "hills": 553,
  "charlie": 554,
  "chan": 555,
  "listing": 556,
  "hear": 557,
  "little": 558,
  "seoul": 559,
  "section": 560,
  "six": 561,
  "offers": 562,
  "ring": 563,
  "business": 564,
  "welconme": 565,
  "abou": 566,
  "goobye": 567,
  "464630.": 568,
  "servies": 569,
  "loated": 570,
  ".[value_postcode]": 571,
  "chiquito": 572,
  "classy": 573,
  "11": 574,
  "margherita": 575,
  "full": 576,
  "job": 577,
  "less": 578,
  "462354": 579,
  "epensive": 580,
  "selection": 581,
  "closer": 582,
  "services": 583,
  "right": 584,
  "205": 585,
  "victoria": 586,
  "ids": 587,
  "special": 588,
  "occasion": 589,
  "details": 590,
  "selections": 591,
  "fitting": 592,
  "16": 593,
  "bridge": 594,
  "'": 595,
  "popular": 596,
  "return": 597,
  "inquiries": 598,
  "expensively": 599,
  "ood": 600,
  "grafton": 601,
  "[value_name]-": 602,
  "restauarnt": 603,
  "past": 604,
  "differnt": 605,
  "unfortuntately": 606,
  "appeals": 607,
  "currently": 608,
  "talking": 609,
  "eateries": 610,
  "system..good": 611,
  "q.": 612,
  "able": 613,
  "ther": 614,
  "increase": 615,
  "th": 616,
  "following": 617,
  "ciquito": 618,
  "locdated": 619,
  "mid": 620,
  "mimosa": 621,
  "had": 622,
  "bad": 623,
  "gold": 624,
  "diverse": 625,
  "huh": 626,
  "hate": 627,
  "far": 628,
  "away": 629,
  "suggestions": 630,
  "bedouin": 631,
  "town.is": 632,
  "anythig": 633,
  "happy": 634,
  "tasty": 635,
  "hungry": 636,
  "missing": 637,
  "sock": 638,
  "establishment": 639,
  "back": 640,
  "ya": 641,
  "specify": 642,
  "bloomsbury": 643,
  "int": 644,
  "he": 645,
  "pricing": 646,
  "choise": 647,
  "within": 648,
  "categories": 649,
  "specifications": 650,
  "need..": 651,
  "moderatre": 652,
  "eraina": 653,
  "needs": 654,
  "already": 655,
  "seve": 656,
  "169": 657,
  "suits": 658,
  "restaraunts": 659,
  "whichever": 660,
  "better": 661,
  "whats": 662,
  "recommended": 663,
  "medium": 664,
  "parameters": 665,
  "017-335-3355": 666,
  "average": 667,
  "dish": 668,
  "tnahh": 669,
  "pardon": 670,
  "malasian": 671,
  "resturants": 672,
  "elese": 673,
  "singapore": 674,
  "qualifications": 675,
  "settle": 676,
  "none": 677,
  "shiraz": 678,
  "eastern": 679,
  "anymore": 680,
  "alternatively": 681,
  "features": 682,
  "menu": 683,
  "seems": 684,
  "shall": 685,
  "yo": 686,
  "fish": 687,
  "chips": 688,
  "where'a": 689,
  "f": 690,
  "yummy": 691,
  "southern": 692,
  "taj": 693,
  "tandoori": 694,
  "fulfill": 695,
  "thank-you": 696,
  "giving": 697,
  "someone": 698,
  "prices": 699,
  "prezzo": 700,
  "queries": 701,
  "severing": 702,
  "290": 703,
  "mill": 704,
  "expinsive": 705,
  "...": 706,
  "servings": 707,
  "10": 708,
  "3-34": 709,
  "restuarants": 710,
  "woluld": 711,
  "exist": 712,
  "moderatly": 713,
  "dbye": 714,
  "hang": 715,
  "pricey": 716,
  "under": 717,
  "$": 718,
  "25.00": 719,
  "per": 720,
  "entree": 721,
  "recommendations": 722,
  "15": 723,
  "suppose": 724,
  "provided": 725,
  "costs": 726,
  "amount": 727,
  "whether": 728,
  "rest": 729,
  "appears": 730,
  "difficulty": 731,
  "mathcing": 732,
  "made": 733,
  "mistake": 734,
  "restarant": 735,
  "lodge": 736,
  "nearest": 737,
  "wecome": 738,
  "ones": 739,
  "therea": 740,
  "crossover": 741,
  "sitar": 742,
  "tandoon": 743,
  "..good": 744,
  "wide": 745,
  "variety": 746,
  "definitely": 747,
  "seem": 748,
  "broaden": 749,
  "asked": 750,
  "peking": 751,
  "along": 752,
  "time": 753,
  "towards": 754,
  "important": 755,
  "280": 756,
  "spend": 757,
  "requirement": 758,
  "1": 759,
  "plus": 760,
  "108": 761,
  "regent": 762,
  "appear": 763,
  "goo": 764,
  "fact": 765,
  "river": 766,
  "4-6": 767,
  "rose": 768,
  "crescent": 769,
  "moderatley": 770,
  "that'it": 771,
  "varying": 772,
  "varisty": 773,
  "35": 774,
  "sanit": 775,
  "bangkok": 776,
  "dinner": 777,
  "sala": 778,
  "thong": 779,
  "particularly": 780,
  "resturant": 781,
  "directions": 782,
  "third": 783,
  "152-154": 784,
  "probably": 785,
  "total": 786,
  "resaurants": 787,
  "ant": 788,
  "multiple": 789,
  "secondary": 790,
  "moment": 791,
  "maybe": 792,
  "hit": 793,
  "ali": 794,
  "baba": 795,
  "takes": 796,
  "covered": 797,
  "meant": 798,
  "fen": 799,
  "ditton": 800,
  "graffiti": 801,
  "gardenia": 802,
  "visit": 803,
  "woah": 804,
  "postode": 805,
  "is[value_postcode].q": 806,
  "selling": 807,
  "7": 808,
  "west.would": 809,
  "going": 810,
  "alternate": 811,
  "result": 812,
  "centr": 813,
  "good-bye": 814,
  "server": 815,
  "shot": 816,
  ">": 817,
  "still": 818,
  "alright": 819,
  "nah": 820,
  "whatever": 821,
  "cool": 822,
  "backstreet": 823,
  "although": 824,
  "head": 825,
  "perform": 826,
  "priced..": 827,
  "clarify": 828,
  "17": 829,
  "59": 830,
  "trouble": 831,
  "deciding": 832,
  "tonight": 833,
  "atmosphere": 834,
  "fairly": 835,
  "named": 836,
  "consider": 837,
  "tow": 838,
  "line": 839,
  "entries": 840,
  "works": 841,
  "restrauant": 842,
  "toward": 843,
  "thinking": 844,
  "mid-range": 845,
  "[value_name]s": 846
}