{
  ".": 4440,
  "the": 2964,
  "is": 2616,
  "you": 2431,
  "?": 2065,
  "i": 1673,
  ",": 1657,
  "in": 1622,
  "of": 1481,
  "and": 1374,
  "[value_name]": 1206,
  "food": 1191,
  "restaurant": 1188,
  "a": 1113,
  "number": 1053,
  "town": 1045,
  "phone": 1031,
  "thank": 1003,
  "there": 872,
  "for": 825,
  "part": 788,
  "address": 788,
  "goodbye": 706,
  "would": 699,
  "like": 661,
  "are": 629,
  "that": 594,
  "price": 549,
  "[value_phone]": 537,
  "range": 535,
  "[value_address]": 517,
  "what": 498,
  "can": 494,
  "their": 465,
  "restaurants": 458,
  "serves": 444,
  "have": 410,
  "[value_food]": 405,
  "do": 396,
  "else": 389,
  "please": 373,
  "good": 371,
  "no": 367,
  "located": 360,
  "looking": 346,
  "bye": 340,
  "anything": 330,
  "!": 328,
  "at": 309,
  "to": 299,
  "help": 297,
  "priced": 272,
  "it": 270,
  "south": 269,
  "cheap": 268,
  "expensive": 266,
  "with": 264,
  "north": 257,
  "an": 256,
  "area": 253,
  "[value_area]": 248,
  "[value_pricerange]": 234,
  "postcode": 234,
  "about": 228,
  "am": 228,
  "any": 224,
  "east": 223,
  "yes": 209,
  "type": 206,
  "'s": 204,
  "moderately": 196,
  "your": 196,
  "me": 193,
  "how": 191,
  "welcome": 188,
  "find": 187,
  "serving": 181,
  "'m": 177,
  "n't": 176,
  "west": 174,
  "want": 167,
  "'re": 162,
  "one": 155,
  "care": 151,
  "or": 147,
  "[value_postcode]": 138,
  "on": 138,
  "they": 133,
  "system": 125,
  "moderate": 122,
  "serve": 121,
  "need": 113,
  "chinese": 113,
  "information": 113,
  "sorry": 110,
  "using": 109,
  "all": 107,
  "italian": 106,
  "be": 104,
  "may": 102,
  "indian": 97,
  "side": 96,
  "centre": 96,
  "not": 95,
  "something": 92,
  "two": 90,
  "day": 90,
  "european": 90,
  "give": 86,
  "prefer": 83,
  "great": 81,
  "preference": 79,
  "which": 78,
  "could": 77,
  "nice": 77,
  "british": 67,
  "enjoy": 67,
  "hello": 66,
  "today": 66,
  "thanks": 65,
  "different": 63,
  "our": 63,
  "city": 59,
  "another": 58,
  "will": 57,
  "also": 56,
  "its": 55,
  "matching": 54,
  "found": 54,
  "get": 54,
  "them": 52,
  "more": 52,
  "other": 52,
  "portuguese": 52,
  "cambridge": 51,
  "location": 50,
  "does": 50,
  "french": 49,
  "very": 48,
  "but": 48,
  "turkish": 48,
  "'d": 47,
  "thai": 47,
  "recommend": 46,
  "try": 45,
  "asian": 44,
  "place": 44,
  "request": 43,
  "oriental": 43,
  "international": 42,
  "cuisine": 40,
  "this": 40,
  "spanish": 40,
  "three": 39,
  "several": 38,
  "know": 38,
  "vietnamese": 38,
  "fine": 38,
  "mediterranean": 37,
  "code": 36,
  "meal": 36,
  "ok": 36,
  "sounds": 35,
  "okay": 35,
  "as": 35,
  "much": 34,
  "korean": 34,
  "if": 34,
  "interested": 33,
  "hi": 32,
  "available": 31,
  "kind": 30,
  "matter": 30,
  "gastropub": 28,
  "post": 27,
  "some": 26,
  "those": 26,
  "center": 26,
  "called": 26,
  "search": 26,
  "we": 25,
  "then": 24,
  "needed": 24,
  "tell": 22,
  "results": 22,
  "listed": 22,
  "calling": 22,
  "only": 22,
  "again": 21,
  "further": 21,
  "lebanese": 21,
  "criteria": 20,
  "options": 20,
  "four": 20,
  "both": 20,
  "mexican": 20,
  "evening": 19,
  "malaysian": 19,
  "so": 18,
  "suggest": 18,
  "instead": 18,
  "additional": 17,
  "look": 17,
  "irish": 17,
  "where": 16,
  "mind": 16,
  "just": 16,
  "well": 16,
  "too": 16,
  "specific": 16,
  "modern": 16,
  "caribbean": 15,
  "american": 15,
  "japanese": 15,
  "name": 15,
  "reached": 15,
  "call": 15,
  "course": 15,
  "jamaican": 15,
  "particular": 15,
  "swedish": 14,
  "five": 14,
  "us": 14,
  "either": 14,
  "assist": 14,
  "christmas": 14,
  "cantonese": 13,
  "query": 13,
  "info": 13,
  "sure": 13,
  "3": 13,
  "choosing": 13,
  "danish": 13,
  "vegetarian": 13,
  "check": 12,
  "persian": 12,
  "contact": 12,
  "street": 12,
  "'ll": 12,
  "really": 12,
  "road": 11,
  "australasian": 11,
  "might": 10,
  "provide": 10,
  "welsh": 10,
  "swiss": 10,
  "fit": 10,
  "dont": 10,
  "certain": 10,
  "unfortunately": 10,
  "indonesian": 10,
  "trying": 10,
  "brazilian": 10,
  "has": 10,
  "records": 9,
  "african": 9,
  "matches": 9,
  "here": 9,
  "my": 9,
  "nandos": 9,
  "english": 9,
  "catalan": 9,
  "austrian": 9,
  "quite": 9,
  "assistance": 9,
  "scandinavian": 9,
  ":": 9,
  "wonderful": 9,
  "moroccan": 9,
  "inexpensive": 9,
  "match": 9,
  "world": 8,
  "let": 8,
  "option": 8,
  "corsica": 8,
  "la": 8,
  "places": 8,
  "kosher": 8,
  "perfect": 8,
  "show": 8,
  "cuban": 8,
  "hungarian": 8,
  "halal": 8,
  "long": 8,
  "postal": 8,
  "venue": 8,
  "fusion": 8,
  "russian": 8,
  "nope": 7,
  "was": 7,
  "work": 7,
  "wok": 7,
  "5": 7,
  "meeting": 7,
  "21-24": 7,
  "northampton": 7,
  "change": 7,
  "scottish": 7,
  "restraunt": 7,
  "make": 7,
  "should": 7,
  "listings": 7,
  "most": 7,
  "these": 7,
  "telephone": 7,
  "tuscan": 7,
  "anatolia": 7,
  "many": 7,
  "choose": 7,
  "certainly": 7,
  "excellent": 7,
  "anywhere": 7,
  "narrow": 7,
  "lot": 6,
  "australian": 6,
  "golden": 6,
  "somewhere": 6,
  "traditional": 6,
  "did": 6,
  "meet": 6,
  "go": 6,
  "sound": 6,
  "first": 6,
  "description": 6,
  "venues": 6,
  "requests": 6,
  "barbeque": 6,
  "now": 6,
  "chesterton": 6,
  "nirala": 6,
  "think": 6,
  "preferences": 6,
  "4": 6,
  "venetian": 6,
  "fits": 6,
  ";": 6,
  "binh": 6,
  "best": 6,
  "night": 6,
  "basque": 6,
  "polish": 6,
  "afghan": 6,
  "see": 5,
  "offer": 5,
  "everything": 5,
  "steakhouse": 5,
  "numbers": 5,
  "im": 5,
  "ca": 5,
  "second": 5,
  "service": 5,
  "panasian": 5,
  "thier": 5,
  "'ve": 5,
  "interest": 5,
  "few": 5,
  "actually": 5,
  "stay": 5,
  "category": 5,
  "types": 5,
  "showing": 5,
  "belgian": 5,
  "nothing": 5,
  "ok.": 5,
  "canapes": 5,
  "eat": 5,
  "suggestion": 5,
  "down": 5,
  "greek": 5,
  "choice": 4,
  "looks": 4,
  "were": 4,
  "finding": 4,
  "searching": 4,
  "da": 4,
  "vinci": 4,
  "pizzeria": 4,
  "reach": 4,
  "such": 4,
  "restaraunt": 4,
  "hope": 4,
  "restaurnt": 4,
  "[value_postcode].q": 4,
  "raza": 4,
  "bistro": 4,
  "choices": 4,
  "alimentum": 4,
  "however": 4,
  "sir": 4,
  "from": 4,
  "locations": 4,
  "correct": 4,
  "style": 4,
  "royal": 4,
  "spice": 4,
  "been": 4,
  "by": 4,
  "pleasure": 4,
  "problem": 4,
  "eritrean": 4,
  "specializes": 4,
  "[value_postcode].": 4,
  "2": 4,
  "apologize": 4,
  "german": 4,
  "awesome": 3,
  "regarding": 3,
  "pizza": 3,
  "hut": 3,
  "possible": 3,
  "database": 3,
  "cocum": 3,
  "addresses": 3,
  "requirements": 3,
  "thing": 3,
  "bill": 3,
  "apologies": 3,
  "14": 3,
  "-": 3,
  "having": 3,
  "frankie": 3,
  "bennys": 3,
  "questions": 3,
  "expand": 3,
  "glad": 3,
  "end": 3,
  "preferred": 3,
  "pipasha": 3,
  "saint": 3,
  "singaporean": 3,
  "milton": 3,
  "while": 3,
  "experience": 3,
  "upscale": 3,
  "oh": 3,
  "up": 3,
  "around": 3,
  "out": 3,
  "yu": 3,
  "garden": 3,
  "ranges": 3,
  "wanted": 3,
  "each": 3,
  "ask": 3,
  "unusual": 3,
  "direct": 3,
  "saigon": 3,
  "restauant": 2,
  "wanting": 2,
  "id": 2,
  "closest": 2,
  "specification": 2,
  "curry": 2,
  "prince": 2,
  "wait": 2,
  "meets": 2,
  "offering": 2,
  "1223": 2,
  "send": 2,
  "nine": 2,
  "afraid": 2,
  "cherry": 2,
  "hinton": 2,
  "eatery": 2,
  "appreciate": 2,
  "hey": 2,
  "resteraunt": 2,
  "couple": 2,
  "desired": 2,
  "near": 2,
  "others": 2,
  "got": 2,
  "preferably": 2,
  "pretty": 2,
  "because": 2,
  "cost": 2,
  "6": 2,
  "cote": 2,
  "nearby": 2,
  "seafood": 2,
  "hotel": 2,
  "619": 2,
  "creative": 2,
  "johns": 2,
  "chop": 2,
  "house": 2,
  "locate": 2,
  "thanh": 2,
  "tanh": 2,
  "areas": 2,
  "desire": 2,
  "20": 2,
  "use": 2,
  "take": 2,
  "bar": 2,
  "tasca": 2,
  "served": 2,
  "servers": 2,
  "dine": 2,
  "come": 2,
  "delicious": 2,
  "lovely": 2,
  "reasonably": 2,
  "inquiry": 2,
  "lucky": 2,
  "star": 2,
  "high": 2,
  "contacting": 2,
  "dining": 2,
  "8": 2,
  "require": 2,
  "names": 2,
  "downtown": 2,
  "convenient": 2,
  "22": 2,
  "believe": 2,
  "9": 2,
  "hmm": 2,
  "sort": 2,
  "sytem": 2,
  "andrews": 2,
  "next": 2,
  "bummer": 2,
  "same": 2,
  "rated": 2,
  "requested": 2,
  "romanian": 2,
  "bbq": 2,
  "anyone": 2,
  "list": 2,
  "restuarant": 2,
  "ten": 2,
  "absolutely": 2,
  "than": 2,
  "money": 2,
  "least": 2,
  "139": 2,
  "24": 2,
  "green": 2,
  "hills": 2,
  "charlie": 2,
  "chan": 2,
  "listing": 2,
  "hear": 2,
  "little": 2,
  "seoul": 2,
  "section": 1,
  "six": 1,
  "offers": 1,
  "ring": 1,
  "business": 1,
  "welconme": 1,
  "abou": 1,
  "goobye": 1,
  "464630.": 1,
  "servies": 1,
  "loated": 1,
  ".[value_postcode]": 1,
  "chiquito": 1,
  "classy": 1,
  "11": 1,
  "margherita": 1,
  "full": 1,
  "job": 1,
  "less": 1,
  "462354": 1,
  "epensive": 1,
  "selection": 1,
  "closer": 1,
  "services": 1,
  "right": 1,
  "205": 1,
  "victoria": 1,
  "ids": 1,
  "special": 1,
  "occasion": 1,
  "details": 1,
  "selections": 1,
  "fitting": 1,
  "16": 1,
  "bridge": 1,
  "'": 1,
  "popular": 1,
  "return": 1,
  "inquiries": 1,
  "expensively": 1,
  "ood": 1,
  "grafton": 1,
  "[value_name]-": 1,
  "restauarnt": 1,
  "past": 1,
  "differnt": 1,
  "unfortuntately": 1,
  "appeals": 1,
  "currently": 1,
  "talking": 1,
  "eateries": 1,
  "system..good": 1,
  "q.": 1,
  "able": 1,
  "ther": 1,
  "increase": 1,
  "th": 1,
  "following": 1,
  "ciquito": 1,
  "locdated": 1,
  "mid": 1,
  "mimosa": 1,
  "had": 1,
  "bad": 1,
  "gold": 1,
  "diverse": 1,
  "huh": 1,
  "hate": 1,
  "far": 1,
  "away": 1,
  "suggestions": 1,
  "bedouin": 1,
  "town.is": 1,
  "anythig": 1,
  "happy": 1,
  "tasty": 1,
  "hungry": 1,
  "missing": 1,
  "sock": 1,
  "establishment": 1,
  "back": 1,
  "ya": 1,
  "specify": 1,
  "bloomsbury": 1,
  "int": 1,
  "he": 1,
  "pricing": 1,
  "choise": 1,
  "within": 1,
  "categories": 1,
  "specifications": 1,
  "need..": 1,
  "moderatre": 1,
  "eraina": 1,
  "needs": 1,
  "already": 1,
  "seve": 1,
  "169": 1,
  "suits": 1,
  "restaraunts": 1,
  "whichever": 1,
  "better": 1,
  "whats": 1,
  "recommended": 1,
  "medium": 1,
  "parameters": 1,
  "017-335-3355": 1,
  "average": 1,
  "dish": 1,
  "tnahh": 1,
  "pardon": 1,
  "malasian": 1,
  "resturants": 1,
  "elese": 1,
  "singapore": 1,
  "qualifications": 1,
  "settle": 1,
  "none": 1,
  "shiraz": 1,
  "eastern": 1,
  "anymore": 1,
  "alternatively": 1,
  "features": 1,
  "menu": 1,
  "seems": 1,
  "shall": 1,
  "yo": 1,
  "fish": 1,
  "chips": 1,
  "where'a": 1,
  "f": 1,
  "yummy": 1,
  "southern": 1,
  "taj": 1,
  "tandoori": 1,
  "fulfill": 1,
  "thank-you": 1,
  "giving": 1,
  "someone": 1,
  "prices": 1,
  "prezzo": 1,
  "queries": 1,
  "severing": 1,
  "290": 1,
  "mill": 1,
  "expinsive": 1,
  "...": 1,
  "servings": 1,
  "10": 1,
  "3-34": 1,
  "restuarants": 1,
  "woluld": 1,
  "exist": 1,
  "moderatly": 1,
  "dbye": 1,
  "hang": 1,
  "pricey": 1,
  "under": 1,
  "$": 1,
  "25.00": 1,
  "per": 1,
  "entree": 1,
  "recommendations": 1,
  "15": 1,
  "suppose": 1,
  "provided": 1,
  "costs": 1,
  "amount": 1,
  "whether": 1,
  "rest": 1,
  "appears": 1,
  "difficulty": 1,
  "mathcing": 1,
  "made": 1,
  "mistake": 1,
  "restarant": 1,
  "lodge": 1,
  "nearest": 1,
  "wecome": 1,
  "ones": 1,
  "therea": 1,
  "crossover": 1,
  "sitar": 1,
  "tandoon": 1,
  "..good": 1,
  "wide": 1,
  "variety": 1,
  "definitely": 1,
  "seem": 1,
  "broaden": 1,
  "asked": 1,
  "peking": 1,
  "along": 1,
  "time": 1,
  "towards": 1,
  "important": 1,
  "280": 1,
  "spend": 1,
  "requirement": 1,
  "1": 1,
  "plus": 1,
  "108": 1,
  "regent": 1,
  "appear": 1,
  "goo": 1,
  "fact": 1,
  "river": 1,
  "4-6": 1,
  "rose": 1,
  "crescent": 1,
  "moderatley": 1,
  "that'it": 1,
  "varying": 1,
  "varisty": 1,
  "35": 1,
  "sanit": 1,
  "bangkok": 1,
  "dinner": 1,
  "sala": 1,
  "thong": 1,
  "particularly": 1,
  "resturant": 1,
  "directions": 1,
  "third": 1,
  "152-154": 1,
  "probably": 1,
  "total": 1,
  "resaurants": 1,
  "ant": 1,
  "multiple": 1,
  "secondary": 1,
  "moment": 1,
  "maybe": 1,
  "hit": 1,
  "ali": 1,
  "baba": 1,
  "takes": 1,
  "covered": 1,
  "meant": 1,
  "fen": 1,
  "ditton": 1,
  "graffiti": 1,
  "gardenia": 1,
  "visit": 1,
  "woah": 1,
  "postode": 1,
  "is[value_postcode].q": 1,
  "selling": 1,
  "7": 1,
  "west.would": 1,
  "going": 1,
  "alternate": 1,
  "result": 1,
  "centr": 1,
  "good-bye": 1,
  "server": 1,
  "shot": 1,
  ">": 1,
  "still": 1,
  "alright": 1,
  "nah": 1,
  "whatever": 1,
  "cool": 1,
  "backstreet": 1,
  "although": 1,
  "head": 1,
  "perform": 1,
  "priced..": 1,
  "clarify": 1,
  "17": 1,
  "59": 1,
  "trouble": 1,
  "deciding": 1,
  "tonight": 1,
  "atmosphere": 1,
  "fairly": 1,
  "named": 1,
  "consider": 1,
  "tow": 1,
  "line": 1,
  "entries": 1,
  "works": 1,
  "restrauant": 1,
  "toward": 1,
  "thinking": 1,
  "mid-range": 1,
  "[value_name]s": 1
}