{
  "<pad>": 0,
  "<go_r>": 1,
  "<unk>": 2,
  "<eos_u>": 3,
  "<eos_r>": 4,
  "<eos_b>": 5,
  "<eos_as>": 6,
  "<eos_av>": 7,
  "<go_as>": 8,
  "<go_av>": 9,
  "<eos_b1>": 10,
  "<eos_b2>": 11,
  "<eos_b3>": 12,
  "<eos_b4>": 13,
  "<eos_b5>": 14,
  "<eos_b6>": 15,
  "<eos_b7>": 16,
  "<eos_b8>": 17,
  "<eos_b9>": 18,
  "<eos_b10>": 19,
  "<eos_b11>": 20,
  "[value_weather_attribute]": 21,
  "[value_poi]": 22,
  "[value_traffic_info]": 23,
  "[value_address]": 24,
  "[value_distance]": 25,
  "[value_event]": 26,
  "[value_date]": 27,
  "[value_time]": 28,
  "[value_party]": 29,
  "[value_agenda]": 30,
  "[value_room]": 31,
  "date": 32,
  "location": 33,
  "weather_attribute": 34,
  "poi_type": 35,
  "distance": 36,
  "event": 37,
  "time": 38,
  "agenda": 39,
  "party": 40,
  "room": 41,
  "dontcare": 42,
  ".": 43,
  "the": 44,
  "you": 45,
  "is": 46,
  ",": 47,
  "?": 48,
  "to": 49,
  "on": 50,
  "for": 51,
  "a": 52,
  "in": 53,
  "at": 54,
  "!": 55,
  "and": 56,
  "it": 57,
  "i": 58,
  "there": 59,
  "what": 60,
  "welcome": 61,
  "be": 62,
  "with": 63,
  "thank": 64,
  "will": 65,
  "me": 66,
  "today": 67,
  "'re": 68,
  "'s": 69,
  "thanks": 70,
  "route": 71,
  "your": 72,
  "are": 73,
  "please": 74,
  "away": 75,
  "my": 76,
  "of": 77,
  "week": 78,
  "set": 79,
  "address": 80,
  "this": 81,
  "[value_temperature]": 82,
  "weather": 83,
  "no": 84,
  "like": 85,
  "appointment": 86,
  "have": 87,
  "city": 88,
  "next": 89,
  "car": 90,
  "meeting": 91,
  "one": 92,
  "rain": 93,
  "that": 94,
  "would": 95,
  "tomorrow": 96,
  "forecast": 97,
  "day": 98,
  "coffee": 99,
  "do": 100,
  "direction": 101,
  "reminder": 102,
  "traffic": 103,
  "go": 104,
  "okay": 105,
  "snow": 106,
  "home": 107,
  "nearest": 108,
  "can": 109,
  "cloudy": 110,
  "give": 111,
  "yes": 112,
  "help": 113,
  "conference": 114,
  "not": 115,
  "quickest": 116,
  "find": 117,
  "need": 118,
  "doctor": 119,
  "tuesday": 120,
  "temperature": 121,
  "where": 122,
  "screen": 123,
  "want": 124,
  "get": 125,
  "setting": 126,
  "now": 127,
  "problem": 128,
  "going": 129,
  "which": 130,
  "great": 131,
  "schedule": 132,
  "gps": 133,
  "monday": 134,
  "activity": 135,
  "sunday": 136,
  "located": 137,
  "friday": 138,
  "high": 139,
  "know": 140,
  "wednesday": 141,
  "hospital": 142,
  "thursday": 143,
  "should": 144,
  "yoga": 145,
  "dinner": 146,
  "let": 147,
  "pick": 148,
  "about": 149,
  "next week": 150,
  "but": 151,
  "saturday": 152,
  "if": 153,
  "all": 154,
  "any": 155,
  "durham": 156,
  "grocery store": 157,
  "chinese": 158,
  "san": 159,
  "football": 160,
  "low": 161,
  "sent": 162,
  "we": 163,
  "scheduled": 164,
  "fastest": 165,
  "12th": 166,
  "tennis": 167,
  "2pm": 168,
  "1pm": 169,
  "closest": 170,
  "shopping": 171,
  "anytime": 172,
  "very": 173,
  "pizza": 174,
  "compton": 175,
  "fresno": 176,
  "parking garage": 177,
  "ok": 178,
  "5pm": 179,
  "cleveland": 180,
  "chinese restaurant": 181,
  "navigation": 182,
  "drive": 183,
  "from": 184,
  "3pm": 185,
  "new": 186,
  "who": 187,
  "10am": 188,
  "hot": 189,
  "parking": 190,
  "swimming": 191,
  "nearby": 192,
  "york": 193,
  ":": 194,
  "attending": 195,
  "grocery": 196,
  "restaurant": 197,
  "way": 198,
  "much": 199,
  "rest stop": 200,
  "send": 201,
  "boston": 202,
  "two": 203,
  "manhattan": 204,
  "friend": 205,
  "take": 206,
  "seattle": 207,
  "ha": 208,
  "drizzle": 209,
  "7pm": 210,
  "brentwood": 211,
  "humid": 212,
  "new york": 213,
  "lab": 214,
  "alhambra": 215,
  "shopping center": 216,
  "optometrist": 217,
  "gas station": 218,
  "so": 219,
  "oakland": 220,
  "4pm": 221,
  "dentist": 222,
  "heavy": 223,
  "inglewood": 224,
  "tea": 225,
  "when": 226,
  "exeter": 227,
  "info": 228,
  "tell": 229,
  "11am": 230,
  "sound": 231,
  "place": 232,
  "only": 233,
  "good": 234,
  "frost": 235,
  "carefully": 236,
  "foggy": 237,
  "'m": 238,
  "glad": 239,
  "tom": 240,
  "happy": 241,
  "check": 242,
  "windy": 243,
  "warm": 244,
  "na": 245,
  "optometrist appointment": 246,
  "out": 247,
  "garage": 248,
  "reach": 249,
  "san mateo": 250,
  "weekend": 251,
  "gas": 252,
  "overcast": 253,
  "gon": 254,
  "grand rapid": 255,
  "here": 256,
  "n't": 257,
  "6pm": 258,
  "blizzard": 259,
  "redwood city": 260,
  "dentist appointment": 261,
  "store": 262,
  "san francisco": 263,
  "show": 264,
  "could": 265,
  "via": 266,
  "month": 267,
  "danville": 268,
  "starbucks": 269,
  "quick": 270,
  "information": 271,
  "or": 272,
  ";": 273,
  "lab appointment": 274,
  "atherton": 275,
  "an": 276,
  "am": 277,
  "then": 278,
  "house": 279,
  "our": 280,
  "remind": 281,
  "jon": 282,
  "mountain view": 283,
  "doe": 284,
  "martha": 285,
  "august": 286,
  "los angeles": 287,
  "9am": 288,
  "carson": 289,
  "near": 290,
  "just": 291,
  "mile": 292,
  "menlo park": 293,
  "camarillo": 294,
  "predicted": 295,
  "grand": 296,
  "rapid": 297,
  "avoid": 298,
  "redwood": 299,
  "medicine": 300,
  "marie": 301,
  "mateo": 302,
  "brother": 303,
  "scheduling": 304,
  "ave": 305,
  "station": 306,
  "hail": 307,
  "within": 308,
  "how": 309,
  "doctor appointment": 310,
  "shop": 311,
  "dry": 312,
  "shortest": 313,
  "aunt": 314,
  "friend house": 315,
  "pizza restaurant": 316,
  "corona": 317,
  "else": 318,
  "francisco": 319,
  "alameda": 320,
  "map": 321,
  "alex": 322,
  "father": 323,
  "perfect": 324,
  "park": 325,
  "swimming activity": 326,
  "1st": 327,
  "misty": 328,
  "anything": 329,
  "7": 330,
  "sister": 331,
  "over": 332,
  "another": 333,
  "san jose": 334,
  "raining": 335,
  "chicago": 336,
  "ana": 337,
  "real": 338,
  "rest": 339,
  "center": 340,
  "hotel": 341,
  "view": 342,
  "los": 343,
  "angeles": 344,
  "some": 345,
  "menlo": 346,
  "mountain": 347,
  "sure": 348,
  "interested": 349,
  "stormy": 350,
  "football activity": 351,
  "downtown chicago": 352,
  "calendar": 353,
  "8th": 354,
  "current": 355,
  "7th": 356,
  "clear": 357,
  "currently": 358,
  "jeff": 359,
  "mall": 360,
  "stop": 361,
  "between": 362,
  "weekly": 363,
  "best": 364,
  "clear sky": 365,
  "yoga activity": 366,
  "other": 367,
  "pleasure": 368,
  "jose": 369,
  "mother": 370,
  "food": 371,
  "see": 372,
  "highest temperature": 373,
  "available": 374,
  "around": 375,
  "right": 376,
  "15th": 377,
  "class": 378,
  "been": 379,
  "tennis activity": 380,
  "hr": 381,
  "13th": 382,
  "6th": 383,
  "listed": 384,
  "well": 385,
  "game": 386,
  "navigating": 387,
  "report": 388,
  "local": 389,
  "downtown": 390,
  "up": 391,
  "5th": 392,
  "highest": 393,
  "navigate": 394,
  "dew": 395,
  "both": 396,
  "sky": 397,
  "area": 398,
  "too": 399,
  "goodbye": 400,
  "possible": 401,
  "sorry": 402,
  "prefer": 403,
  "driver": 404,
  "fast": 405,
  "next few day": 406,
  "bos": 407,
  "team": 408,
  "discus": 409,
  "position": 410,
  "11th": 411,
  "more": 412,
  "during": 413,
  "least": 414,
  "make": 415,
  "wanting": 416,
  "'ve": 417,
  "management": 418,
  "supposed": 419,
  "lowest temperature": 420,
  "few": 421,
  "through": 422,
  "enjoy": 423,
  "option": 424,
  "also": 425,
  "alright": 426,
  "10th": 427,
  "road": 428,
  "noted": 429,
  "cafe": 430,
  "direct": 431,
  "jill": 432,
  "assist": 433,
  "taking": 434,
  "look": 435,
  "add": 436,
  "able": 437,
  "safely": 438,
  "3": 439,
  "call": 440,
  "detail": 441,
  "2": 442,
  "asking": 443,
  "unfortunately": 444,
  "3rd": 445,
  "did": 446,
  "eat": 447,
  "coming": 448,
  "hear": 449,
  "awesome": 450,
  "14th": 451,
  "st": 452,
  "work": 453,
  "they": 454,
  "4th": 455,
  "live": 456,
  "street": 457,
  "snowing": 458,
  "jing": 459,
  "avoids": 460,
  "moment": 461,
  "three": 462,
  "anyway": 463,
  "by": 464,
  "later": 465,
  "'d": 466,
  "budget": 467,
  "inquiring": 468,
  "ct": 469,
  "lowest": 470,
  "5": 471,
  "close": 472,
  "being": 473,
  "still": 474,
  "shall": 475,
  "minute": 476,
  "looking": 477,
  "shortly": 478,
  "heading": 479,
  "vice": 480,
  "president": 481,
  "taking medicine": 482,
  "block": 483,
  "fine": 484,
  "arrive": 485,
  "vice president": 486,
  "without": 487,
  "assistant": 488,
  "trip": 489,
  "soon": 490,
  "jack": 491,
  "ave.": 492,
  "executive team": 493,
  "end": 494,
  "hope": 495,
  "closer": 496,
  "lot": 497,
  "sale team": 498,
  "481amaranta": 499,
  "company": 500,
  "picnic": 501,
  "name": 502,
  "serf": 503,
  "long": 504,
  "two day": 505,
  "2nd": 506,
  "try": 507,
  "chance": 508,
  "eye": 509,
  "guess": 510,
  "reported": 511,
  "seven": 512,
  "upcoming": 513,
  "'ll": 514,
  "10ames": 515,
  "called": 516,
  "say": 517,
  "hour": 518,
  "result": 519,
  "again": 520,
  "145amherst": 521,
  "picked": 522,
  "4": 523,
  "sale": 524,
  "executive": 525,
  "611ames": 526,
  "listing": 527,
  "showing": 528,
  "philz": 529,
  "fall": 530,
  "stanford": 531,
  "dress": 532,
  "code": 533,
  "outside": 534,
  "bye": 535,
  "le": 536,
  "match": 537,
  "already": 538,
  "880ames": 539,
  "last": 540,
  "899ames": 541,
  "oh": 542,
  "most": 543,
  "638amherst": 544,
  "life": 545,
  "lesson": 546,
  "657ames": 547,
  "since": 548,
  "4 mile": 549,
  "put": 550,
  "conference room 100": 551,
  "100": 552,
  "collision": 553,
  "expected": 554,
  "palo": 555,
  "alto": 556,
  "48": 557,
  "confirm": 558,
  "discus the company picnic": 559,
  "whole": 560,
  "forecasted": 561,
  "amount": 562,
  "avenue": 563,
  "desiring": 564,
  "tonight": 565,
  "4:50pm": 566,
  "wo": 567,
  "predicts": 568,
  "got": 569,
  "tenth": 570,
  "quarterly": 571,
  "610amarillo": 572,
  "discus the merger": 573,
  "specifically": 574,
  "always": 575,
  "swim": 576,
  "four": 577,
  "search": 578,
  "predict": 579,
  "joining": 580,
  "fog": 581,
  "follow": 582,
  "avoiding": 583,
  "alarm": 584,
  "locate": 585,
  "teavana": 586,
  "pf": 587,
  "chang": 588,
  "destination": 589,
  "specific": 590,
  "prediction": 591,
  "start": 592,
  "along": 593,
  "spot": 594,
  "29th": 595,
  "wonderful": 596,
  "rainy": 597,
  "infrastructure": 598,
  "domino": 599,
  "express": 600,
  "22nd": 601,
  "march": 602,
  "assistance": 603,
  "first": 604,
  "wish": 605,
  "something": 606,
  "sending": 607,
  "couple": 608,
  "wa": 609,
  "might": 610,
  "bring": 611,
  "found": 612,
  "patience": 613,
  "hi": 614,
  "kindly": 615,
  "range": 616,
  "faster": 617,
  "alternate": 618,
  "actually": 619,
  "playing": 620,
  "health": 621,
  "same": 622,
  "shell": 623,
  "safe": 624,
  "heart": 625,
  "while": 626,
  "12pm": 627,
  "them": 628,
  "panda": 629,
  "nice": 630,
  "wan": 631,
  "locally": 632,
  "discus dress code": 633,
  "quickly": 634,
  "2 mile": 635,
  "those": 636,
  "childrens": 637,
  "named": 638,
  "purpose": 639,
  "...": 640,
  "bunch": 641,
  "buy": 642,
  "needed": 643,
  "back": 644,
  "december": 645,
  "their": 646,
  "shot": 647,
  "added": 648,
  "snowy": 649,
  "than": 650,
  "takeout": 651,
  "90": 652,
  "helpful": 653,
  "longer": 654,
  "little": 655,
  "particular": 656,
  "60": 657,
  "mmm": 658,
  "note": 659,
  "test": 660,
  "laboratory": 661,
  "though": 662,
  "50": 663,
  "afraid": 664,
  "far": 665,
  "enough": 666,
  "mom": 667,
  "nda": 668,
  "cool": 669,
  "merger": 670,
  "job": 671,
  "care": 672,
  "provide": 673,
  "drizzling": 674,
  "u": 675,
  "infrastructure team": 676,
  "serve": 677,
  "[": 678,
  "conversation": 679,
  "]": 680,
  "morning": 681,
  "safeway": 682,
  "go over budget": 683,
  "'": 684,
  "appears": 685,
  "10": 686,
  "before": 687,
  "20": 688,
  "several": 689,
  "patience..": 690,
  "update": 691,
  "ravenswood": 692,
  "market": 693,
  "cup": 694,
  "ouch": 695,
  "buddy": 696,
  "play": 697,
  "ice": 698,
  "practice": 699,
  "im": 700,
  "blood": 701,
  "venetia": 702,
  "farther": 703,
  "nothing": 704,
  "period": 705,
  "somewhere": 706,
  "meet": 707,
  "onboard": 708,
  "member": 709,
  "sign": 710,
  "allow": 711,
  "updated": 712,
  "data": 713,
  "pill": 714,
  "his": 715,
  "business": 716,
  "display": 717,
  "each": 718,
  "displaying": 719,
  "expect": 720,
  "visit": 721,
  "st.": 722,
  "nope": 723,
  "ct.": 724,
  "talking": 725,
  "3 mile": 726,
  "sleep": 727,
  "plotting": 728,
  "state": 729,
  "westin": 730,
  "seeing": 731,
  "p.f.changs": 732,
  ")": 733,
  "70": 734,
  "turn": 735,
  "degree": 736,
  "20th": 737,
  "reservation": 738,
  "sign the nda": 739,
  "valero": 740,
  "these": 741,
  "correct": 742,
  "plot": 743,
  "prescription": 744,
  "aware": 745,
  "making": 746,
  "-": 747,
  "reaching": 748,
  "different": 749,
  "preference": 750,
  "done": 751,
  "rock": 752,
  "pull": 753,
  "pizzeria": 754,
  "nearer": 755,
  "directing": 756,
  "seems": 757,
  "however": 758,
  "highlight": 759,
  "group": 760,
  "chevron": 761,
  "helping": 762,
  "although": 763,
  "plan": 764,
  "mean": 765,
  "service": 766,
  "10pm": 767,
  "second": 768,
  "hailing": 769,
  "sometime": 770,
  "mist": 771,
  "soonest": 772,
  "mind": 773,
  "begin": 774,
  "because": 775,
  "think": 776,
  "trader": 777,
  "80": 778,
  "down": 779,
  "town": 780,
  "driving": 781,
  "onboard new member": 782,
  "barista": 783,
  "(": 784,
  "human": 785,
  "season": 786,
  "excellent": 787,
  "peets": 788,
  "keen": 789,
  "roadblock": 790,
  "slightly": 791,
  "attach": 792,
  "dad": 793,
  "planned": 794,
  "feel": 795,
  "night": 796,
  "sir": 797,
  "en": 798,
  "suggest": 799,
  "hello": 800,
  "quicker": 801,
  "request": 802,
  "once": 803,
  "forget": 804,
  "remember": 805,
  "list": 806,
  "40": 807,
  "choice": 808,
  "may": 809,
  "appreciate": 810,
  "calling": 811,
  "full": 812,
  "attendance": 813,
  "6 mile": 814,
  "exactly": 815,
  "son": 816,
  "even": 817,
  "come": 818,
  "willow": 819,
  "cloud": 820,
  "better": 821,
  "anyone": 822,
  "everything": 823,
  "said": 824,
  "dish": 825,
  "4:50": 826,
  "head": 827,
  "held": 828,
  "coordinate": 829,
  "camino": 830,
  "5677": 831,
  "9pm": 832,
  "hut": 833,
  "many": 834,
  "the westin": 835,
  "30": 836,
  "involved": 837,
  "watch": 838,
  "into": 839,
  "mostly": 840,
  "kind": 841,
  "storm": 842,
  "listening": 843,
  "joe": 844,
  "conference room 102": 845,
  "reporting": 846,
  "clothes": 847,
  "certain address": 848,
  "john": 849,
  "papa": 850,
  "really": 851,
  "aug": 852,
  "fantastic": 853,
  "assitant": 854,
  "stay": 855,
  "he": 856,
  "him": 857,
  "wind": 858,
  "alternative": 859,
  "worry": 860,
  "thrusday": 861,
  "highlighted": 862,
  "kidding": 863,
  "needing": 864,
  "mandarin": 865,
  "sigona": 866,
  "farmer": 867,
  "1 mile": 868,
  "ask": 869,
  "take-out": 870,
  "proceed": 871,
  "tired": 872,
  "either": 873,
  "ok.": 874,
  "fastes": 875,
  "doing": 876,
  "exercise": 877,
  "feeling": 878,
  "cover": 879,
  "mapping": 880,
  "marked": 881,
  "refill": 882,
  "desire": 883,
  "her": 884,
  "calculate": 885,
  "motel": 886,
  "knowing": 887,
  "open": 888,
  "``": 889,
  "''": 890,
  "whats": 891,
  "vaccination": 892,
  "memory": 893,
  "wow": 894,
  "select": 895,
  "beginning": 896,
  "asap": 897,
  "careful": 898,
  "3:30": 899,
  "forcast": 900,
  "followed": 901,
  "hungry": 902,
  "afternoon": 903,
  "webster": 904,
  "whichever": 905,
  "mark": 906,
  "saved": 907,
  "el": 908,
  "vp": 909,
  "dental": 910,
  "accident": 911,
  "people": 912,
  "response": 913,
  "frosty": 914,
  "midtown shopping center": 915,
  "approximately": 916,
  "no traffic": 917,
  "country": 918,
  "programmed": 919,
  "million": 920,
  "sit": 921,
  "evening": 922,
  "standford": 923,
  "workout": 924,
  "system": 925,
  "slow": 926,
  "having": 927,
  "until": 928,
  "5 mile": 929,
  "none": 930,
  "hand": 931,
  "entire": 932,
  "immediately": 933,
  "future": 934,
  "providing": 935,
  "oval": 936,
  "meaning": 937,
  "wanted": 938,
  "fill": 939,
  "especially": 940,
  "discussing": 941,
  "traffic..": 942,
  "104": 943,
  "ugh": 944,
  "activites": 945,
  "signing": 946,
  "1": 947,
  "finding": 948,
  "random": 949,
  "outlook": 950,
  "&": 951,
  "speak": 952,
  "5672": 953,
  "barringer": 954,
  "poi": 955,
  "learning": 956,
  "predicting": 957,
  "coupa": 958,
  "trying": 959,
  "nor": 960,
  "thre": 961,
  "short": 962,
  "temp": 963,
  "tooth": 964,
  "cloudiness": 965,
  "ouch..": 966,
  "music": 967,
  "meantime": 968,
  "stereo": 969,
  "purchase": 970,
  "hunger": 971,
  "reminded": 972,
  "sue": 973,
  "empty": 974,
  "started": 975,
  "together": 976,
  "waste": 977,
  "tueday": 978,
  "solves": 979,
  "springer": 980,
  "certainly": 981,
  "unable": 982,
  "lunch": 983,
  "stuck": 984,
  "appear": 985,
  "conference room 50": 986,
  "gasoline": 987,
  "promptly": 988,
  "phils": 989,
  "4:45": 990,
  "neither": 991,
  "comfort": 992,
  "inn": 993,
  "traveler": 994,
  "lodge": 995,
  "referring": 996,
  "july": 997,
  "heavey": 998,
  "program": 999,
  "child": 1000,
  "include": 1001,
  "3:30pm": 1002,
  "moderate": 1003,
  "root": 1004,
  "repeat": 1005,
  "whose": 1006,
  "addres": 1007,
  "wondering": 1008,
  "deal": 1009,
  "free": 1010,
  "hurry": 1011,
  "getting": 1012,
  "such": 1013,
  "instead": 1014,
  "picking": 1015,
  "above": 1016,
  "86": 1017,
  "course": 1018,
  "hit": 1019,
  "accomplish": 1020,
  "must": 1021,
  "slight": 1022,
  "home..": 1023,
  "round": 1024,
  "table": 1025,
  "news": 1026,
  "southwest": 1027,
  "102": 1028,
  "checking": 1029,
  "ca": 1030,
  "love": 1031,
  "identical": 1032,
  "bathroom": 1033,
  "massage": 1034,
  "seat": 1035,
  "broken": 1036,
  "headed": 1037,
  "gathering": 1038,
  "16th": 1039,
  "invited": 1040,
  "amazing": 1041,
  "anyway..": 1042,
  "adding": 1043,
  "produce": 1044,
  "stand": 1045,
  "n": 1046,
  "follows": 1047,
  "accompanying": 1048,
  "pm": 1049,
  "reserve": 1050,
  "made": 1051,
  "5:50": 1052,
  "delay": 1053,
  "seatlle": 1054,
  "frank": 1055,
  "9th": 1056,
  "county": 1057,
  "navigator": 1058,
  "nextt": 1059,
  "uhh": 1060,
  "bud": 1061,
  "lined": 1062,
  "pain": 1063,
  "rainy..": 1064,
  "serving": 1065,
  "wide": 1066,
  "condition": 1067,
  "preferably": 1068,
  "otherwise": 1069,
  "error": 1070,
  "chosen": 1071,
  "enter": 1072,
  "lose": 1073,
  "miss": 1074,
  "testing": 1075,
  "certain": 1076,
  "philzis": 1077,
  "retrieve": 1078,
  "lost": 1079,
  "s": 1080,
  "additional": 1081,
  "wrong": 1082,
  "vary": 1083,
  "thusday": 1084,
  "atheron": 1085,
  "minimum": 1086,
  "welcone": 1087,
  "pic": 1088,
  "alternately": 1089,
  "presently": 1090,
  "confused": 1091,
  "worried": 1092,
  "sure..": 1093,
  "s.l.o.w.l.y": 1094,
  "exact": 1095,
  "recorded": 1096,
  "starving": 1097,
  "using": 1098,
  "probably": 1099
}