{
  ".": 7440,
  "the": 6338,
  "you": 5100,
  "is": 4395,
  ",": 3901,
  "?": 3113,
  "to": 3000,
  "on": 2570,
  "for": 2174,
  "a": 2125,
  "in": 2119,
  "at": 2082,
  "!": 2023,
  "and": 1985,
  "it": 1935,
  "i": 1868,
  "there": 1750,
  "what": 1740,
  "welcome": 1684,
  "be": 1658,
  "with": 1548,
  "thank": 1536,
  "will": 1511,
  "[value_poi]": 1401,
  "me": 1296,
  "today": 1258,
  "'re": 1247,
  "'s": 1185,
  "thanks": 1163,
  "route": 1119,
  "your": 1108,
  "are": 1087,
  "please": 1035,
  "[value_distance]": 994,
  "away": 953,
  "[value_address]": 929,
  "my": 913,
  "of": 870,
  "week": 837,
  "set": 790,
  "address": 740,
  "this": 731,
  "[value_temperature]": 718,
  "weather": 712,
  "no": 690,
  "like": 680,
  "appointment": 679,
  "have": 664,
  "city": 645,
  "[value_weather_attribute]": 635,
  "next": 630,
  "[value_traffic_info]": 625,
  "[value_date]": 623,
  "car": 605,
  "[value_time]": 590,
  "meeting": 582,
  "one": 561,
  "rain": 543,
  "that": 538,
  "would": 527,
  "tomorrow": 525,
  "forecast": 518,
  "day": 518,
  "coffee": 515,
  "do": 492,
  "direction": 484,
  "reminder": 472,
  "traffic": 470,
  "time": 464,
  "go": 439,
  "okay": 431,
  "[value_party]": 411,
  "snow": 404,
  "home": 398,
  "nearest": 393,
  "can": 393,
  "cloudy": 382,
  "give": 376,
  "yes": 363,
  "help": 354,
  "conference": 353,
  "not": 352,
  "quickest": 348,
  "find": 345,
  "need": 345,
  "doctor": 344,
  "tuesday": 341,
  "temperature": 339,
  "where": 338,
  "screen": 333,
  "want": 327,
  "get": 326,
  "setting": 323,
  "now": 323,
  "problem": 321,
  "going": 316,
  "which": 308,
  "great": 305,
  "schedule": 303,
  "gps": 300,
  "monday": 298,
  "activity": 294,
  "sunday": 292,
  "located": 290,
  "friday": 290,
  "high": 290,
  "know": 286,
  "wednesday": 285,
  "hospital": 282,
  "thursday": 281,
  "should": 265,
  "yoga": 261,
  "dinner": 260,
  "let": 259,
  "pick": 258,
  "about": 255,
  "next week": 255,
  "but": 254,
  "saturday": 254,
  "if": 250,
  "all": 243,
  "any": 243,
  "durham": 240,
  "grocery store": 238,
  "date": 237,
  "chinese": 236,
  "san": 235,
  "football": 231,
  "low": 230,
  "sent": 228,
  "we": 228,
  "scheduled": 226,
  "fastest": 225,
  "12th": 223,
  "tennis": 223,
  "2pm": 221,
  "1pm": 216,
  "closest": 214,
  "shopping": 211,
  "anytime": 208,
  "very": 205,
  "pizza": 204,
  "compton": 202,
  "fresno": 201,
  "parking garage": 200,
  "ok": 198,
  "5pm": 198,
  "cleveland": 193,
  "chinese restaurant": 190,
  "navigation": 190,
  "drive": 188,
  "from": 188,
  "3pm": 187,
  "location": 186,
  "new": 186,
  "who": 185,
  "10am": 185,
  "hot": 179,
  "parking": 178,
  "swimming": 178,
  "nearby": 177,
  "york": 176,
  ":": 176,
  "attending": 174,
  "grocery": 174,
  "restaurant": 173,
  "way": 171,
  "much": 166,
  "rest stop": 166,
  "send": 163,
  "boston": 163,
  "two": 162,
  "manhattan": 160,
  "friend": 159,
  "take": 158,
  "seattle": 158,
  "ha": 157,
  "drizzle": 157,
  "7pm": 156,
  "brentwood": 156,
  "humid": 155,
  "new york": 154,
  "lab": 153,
  "alhambra": 152,
  "shopping center": 151,
  "optometrist": 150,
  "gas station": 149,
  "so": 148,
  "oakland": 148,
  "4pm": 147,
  "dentist": 147,
  "heavy": 146,
  "inglewood": 146,
  "tea": 146,
  "when": 145,
  "exeter": 145,
  "info": 144,
  "tell": 144,
  "11am": 144,
  "sound": 142,
  "place": 142,
  "only": 141,
  "good": 139,
  "frost": 139,
  "carefully": 138,
  "foggy": 138,
  "'m": 137,
  "glad": 136,
  "tom": 135,
  "happy": 132,
  "check": 131,
  "windy": 131,
  "warm": 130,
  "na": 129,
  "optometrist appointment": 128,
  "[value_event]": 124,
  "out": 122,
  "garage": 121,
  "reach": 121,
  "san mateo": 121,
  "weekend": 121,
  "gas": 120,
  "overcast": 120,
  "gon": 119,
  "grand rapid": 119,
  "here": 119,
  "n't": 117,
  "6pm": 117,
  "blizzard": 116,
  "redwood city": 115,
  "dentist appointment": 114,
  "store": 114,
  "san francisco": 114,
  "show": 113,
  "could": 113,
  "via": 112,
  "month": 111,
  "danville": 111,
  "starbucks": 110,
  "quick": 110,
  "information": 110,
  "or": 107,
  ";": 105,
  "lab appointment": 105,
  "atherton": 105,
  "an": 104,
  "am": 104,
  "then": 103,
  "house": 103,
  "our": 102,
  "remind": 99,
  "jon": 99,
  "mountain view": 98,
  "doe": 98,
  "martha": 98,
  "august": 97,
  "los angeles": 97,
  "9am": 97,
  "carson": 97,
  "near": 96,
  "just": 96,
  "mile": 95,
  "menlo park": 94,
  "camarillo": 93,
  "predicted": 93,
  "grand": 93,
  "rapid": 93,
  "avoid": 93,
  "redwood": 92,
  "medicine": 92,
  "marie": 92,
  "mateo": 91,
  "brother": 91,
  "scheduling": 90,
  "ave": 90,
  "station": 88,
  "hail": 88,
  "within": 88,
  "how": 88,
  "doctor appointment": 88,
  "shop": 87,
  "dry": 87,
  "shortest": 86,
  "aunt": 86,
  "friend house": 85,
  "pizza restaurant": 85,
  "corona": 85,
  "else": 84,
  "francisco": 84,
  "alameda": 83,
  "map": 83,
  "alex": 83,
  "father": 83,
  "perfect": 82,
  "park": 82,
  "swimming activity": 82,
  "1st": 82,
  "misty": 82,
  "anything": 81,
  "7": 80,
  "sister": 79,
  "over": 78,
  "another": 78,
  "san jose": 78,
  "raining": 77,
  "chicago": 77,
  "ana": 77,
  "real": 76,
  "rest": 76,
  "center": 76,
  "hotel": 75,
  "view": 72,
  "los": 72,
  "angeles": 72,
  "some": 72,
  "menlo": 71,
  "mountain": 71,
  "sure": 71,
  "interested": 70,
  "stormy": 69,
  "football activity": 69,
  "distance": 68,
  "downtown chicago": 67,
  "calendar": 66,
  "8th": 66,
  "current": 66,
  "7th": 63,
  "clear": 63,
  "currently": 63,
  "jeff": 63,
  "mall": 62,
  "stop": 62,
  "between": 62,
  "room": 61,
  "weekly": 61,
  "best": 61,
  "clear sky": 61,
  "yoga activity": 60,
  "other": 60,
  "pleasure": 59,
  "jose": 59,
  "mother": 59,
  "food": 58,
  "agenda": 58,
  "see": 58,
  "highest temperature": 56,
  "available": 56,
  "around": 56,
  "right": 55,
  "15th": 55,
  "class": 54,
  "been": 53,
  "tennis activity": 53,
  "hr": 53,
  "13th": 52,
  "6th": 52,
  "listed": 51,
  "well": 51,
  "game": 51,
  "navigating": 51,
  "report": 51,
  "local": 51,
  "downtown": 51,
  "up": 50,
  "5th": 50,
  "highest": 49,
  "navigate": 49,
  "dew": 49,
  "both": 48,
  "sky": 48,
  "area": 48,
  "too": 48,
  "goodbye": 48,
  "party": 47,
  "possible": 46,
  "sorry": 46,
  "prefer": 46,
  "driver": 46,
  "fast": 45,
  "next few day": 45,
  "bos": 45,
  "team": 45,
  "discus": 44,
  "position": 44,
  "11th": 43,
  "more": 43,
  "during": 42,
  "least": 42,
  "make": 42,
  "wanting": 42,
  "'ve": 41,
  "management": 41,
  "supposed": 41,
  "lowest temperature": 41,
  "few": 41,
  "through": 40,
  "enjoy": 40,
  "option": 40,
  "also": 40,
  "alright": 39,
  "10th": 39,
  "road": 36,
  "noted": 36,
  "cafe": 36,
  "direct": 36,
  "[value_agenda]": 36,
  "jill": 36,
  "assist": 36,
  "taking": 36,
  "look": 35,
  "event": 34,
  "add": 33,
  "able": 33,
  "safely": 32,
  "3": 32,
  "call": 32,
  "detail": 32,
  "2": 31,
  "asking": 31,
  "unfortunately": 31,
  "3rd": 31,
  "did": 30,
  "eat": 30,
  "coming": 29,
  "hear": 29,
  "awesome": 29,
  "14th": 29,
  "st": 29,
  "work": 28,
  "they": 28,
  "4th": 28,
  "live": 27,
  "street": 27,
  "snowing": 27,
  "jing": 27,
  "avoids": 26,
  "moment": 26,
  "three": 26,
  "anyway": 26,
  "by": 26,
  "later": 26,
  "'d": 26,
  "budget": 26,
  "inquiring": 25,
  "ct": 25,
  "lowest": 25,
  "5": 25,
  "close": 25,
  "being": 24,
  "still": 24,
  "shall": 24,
  "minute": 24,
  "looking": 24,
  "shortly": 24,
  "heading": 24,
  "vice": 24,
  "president": 24,
  "taking medicine": 24,
  "block": 23,
  "fine": 23,
  "arrive": 23,
  "vice president": 23,
  "without": 22,
  "assistant": 22,
  "trip": 22,
  "soon": 22,
  "jack": 22,
  "ave.": 22,
  "executive team": 22,
  "end": 22,
  "hope": 21,
  "closer": 21,
  "lot": 21,
  "sale team": 21,
  "481amaranta": 20,
  "company": 20,
  "picnic": 20,
  "name": 20,
  "serf": 20,
  "long": 20,
  "two day": 20,
  "2nd": 20,
  "try": 19,
  "chance": 19,
  "eye": 19,
  "guess": 19,
  "reported": 18,
  "seven": 18,
  "upcoming": 18,
  "'ll": 18,
  "10ames": 18,
  "called": 18,
  "say": 18,
  "hour": 18,
  "result": 18,
  "again": 18,
  "145amherst": 18,
  "picked": 18,
  "4": 18,
  "sale": 18,
  "executive": 18,
  "611ames": 17,
  "listing": 17,
  "showing": 17,
  "philz": 17,
  "fall": 17,
  "stanford": 17,
  "[value_room]": 17,
  "dress": 17,
  "code": 17,
  "outside": 17,
  "bye": 17,
  "le": 17,
  "match": 17,
  "already": 16,
  "880ames": 16,
  "last": 16,
  "899ames": 16,
  "oh": 16,
  "most": 16,
  "638amherst": 16,
  "life": 16,
  "lesson": 16,
  "657ames": 16,
  "since": 16,
  "4 mile": 16,
  "put": 15,
  "conference room 100": 15,
  "100": 15,
  "collision": 15,
  "expected": 15,
  "palo": 15,
  "alto": 15,
  "48": 15,
  "confirm": 15,
  "discus the company picnic": 15,
  "whole": 15,
  "forecasted": 15,
  "amount": 14,
  "avenue": 14,
  "desiring": 14,
  "tonight": 14,
  "4:50pm": 14,
  "wo": 14,
  "predicts": 14,
  "got": 14,
  "tenth": 14,
  "quarterly": 14,
  "610amarillo": 14,
  "discus the merger": 14,
  "specifically": 14,
  "always": 14,
  "swim": 14,
  "four": 13,
  "search": 13,
  "predict": 13,
  "joining": 13,
  "fog": 13,
  "follow": 13,
  "avoiding": 13,
  "alarm": 13,
  "locate": 13,
  "teavana": 13,
  "pf": 12,
  "chang": 12,
  "destination": 12,
  "specific": 12,
  "prediction": 12,
  "start": 12,
  "along": 12,
  "spot": 12,
  "29th": 12,
  "wonderful": 12,
  "rainy": 12,
  "infrastructure": 12,
  "domino": 12,
  "express": 12,
  "22nd": 12,
  "march": 12,
  "assistance": 11,
  "first": 11,
  "wish": 11,
  "something": 11,
  "sending": 11,
  "couple": 11,
  "wa": 11,
  "might": 11,
  "bring": 11,
  "found": 11,
  "patience": 11,
  "hi": 10,
  "kindly": 10,
  "range": 10,
  "faster": 10,
  "alternate": 10,
  "actually": 10,
  "playing": 10,
  "health": 10,
  "same": 10,
  "shell": 10,
  "safe": 10,
  "heart": 10,
  "while": 10,
  "12pm": 10,
  "them": 10,
  "panda": 10,
  "nice": 10,
  "wan": 10,
  "locally": 10,
  "discus dress code": 10,
  "quickly": 10,
  "2 mile": 9,
  "those": 9,
  "childrens": 9,
  "named": 9,
  "purpose": 9,
  "...": 9,
  "bunch": 9,
  "buy": 9,
  "needed": 9,
  "back": 9,
  "december": 9,
  "their": 9,
  "shot": 9,
  "added": 9,
  "snowy": 9,
  "than": 9,
  "takeout": 9,
  "90": 9,
  "helpful": 8,
  "longer": 8,
  "little": 8,
  "particular": 8,
  "60": 8,
  "mmm": 8,
  "note": 8,
  "test": 8,
  "laboratory": 8,
  "though": 8,
  "50": 8,
  "afraid": 8,
  "far": 8,
  "enough": 8,
  "mom": 8,
  "nda": 8,
  "cool": 8,
  "merger": 8,
  "job": 8,
  "care": 8,
  "provide": 8,
  "drizzling": 8,
  "u": 8,
  "infrastructure team": 8,
  "serve": 8,
  "[": 8,
  "conversation": 8,
  "]": 8,
  "morning": 8,
  "safeway": 8,
  "go over budget": 8,
  "'": 8,
  "appears": 7,
  "10": 7,
  "before": 7,
  "20": 7,
  "several": 7,
  "patience..": 7,
  "update": 7,
  "ravenswood": 7,
  "market": 7,
  "cup": 7,
  "ouch": 7,
  "buddy": 7,
  "play": 7,
  "ice": 7,
  "practice": 7,
  "im": 7,
  "blood": 7,
  "venetia": 7,
  "farther": 7,
  "nothing": 7,
  "period": 7,
  "somewhere": 7,
  "meet": 7,
  "onboard": 7,
  "member": 7,
  "sign": 7,
  "allow": 6,
  "updated": 6,
  "data": 6,
  "pill": 6,
  "his": 6,
  "business": 6,
  "display": 6,
  "each": 6,
  "displaying": 6,
  "expect": 6,
  "visit": 6,
  "st.": 6,
  "nope": 6,
  "ct.": 6,
  "talking": 6,
  "3 mile": 6,
  "sleep": 6,
  "plotting": 6,
  "state": 6,
  "westin": 6,
  "seeing": 6,
  "p.f.changs": 6,
  ")": 6,
  "70": 6,
  "turn": 6,
  "degree": 6,
  "20th": 6,
  "reservation": 6,
  "sign the nda": 6,
  "valero": 6,
  "these": 5,
  "correct": 5,
  "plot": 5,
  "prescription": 5,
  "aware": 5,
  "making": 5,
  "-": 5,
  "reaching": 5,
  "different": 5,
  "preference": 5,
  "done": 5,
  "rock": 5,
  "pull": 5,
  "pizzeria": 5,
  "nearer": 5,
  "directing": 5,
  "seems": 5,
  "however": 5,
  "highlight": 5,
  "group": 5,
  "chevron": 5,
  "helping": 5,
  "although": 5,
  "plan": 5,
  "mean": 5,
  "service": 5,
  "10pm": 5,
  "second": 5,
  "hailing": 5,
  "sometime": 5,
  "mist": 5,
  "soonest": 5,
  "mind": 5,
  "begin": 5,
  "because": 5,
  "think": 5,
  "trader": 5,
  "80": 5,
  "down": 5,
  "town": 5,
  "driving": 5,
  "onboard new member": 5,
  "barista": 5,
  "(": 5,
  "human": 5,
  "season": 5,
  "excellent": 4,
  "peets": 4,
  "keen": 4,
  "roadblock": 4,
  "slightly": 4,
  "attach": 4,
  "dad": 4,
  "planned": 4,
  "feel": 4,
  "night": 4,
  "sir": 4,
  "en": 4,
  "suggest": 4,
  "hello": 4,
  "quicker": 4,
  "request": 4,
  "once": 4,
  "forget": 4,
  "remember": 4,
  "list": 4,
  "40": 4,
  "choice": 4,
  "may": 4,
  "appreciate": 4,
  "calling": 4,
  "full": 4,
  "attendance": 4,
  "6 mile": 4,
  "exactly": 4,
  "son": 4,
  "even": 4,
  "come": 4,
  "willow": 4,
  "cloud": 4,
  "better": 4,
  "anyone": 4,
  "everything": 4,
  "said": 4,
  "dish": 4,
  "4:50": 4,
  "head": 4,
  "held": 4,
  "coordinate": 4,
  "camino": 4,
  "5677": 4,
  "9pm": 4,
  "hut": 4,
  "many": 4,
  "the westin": 4,
  "30": 4,
  "involved": 4,
  "watch": 4,
  "into": 4,
  "mostly": 4,
  "kind": 4,
  "storm": 4,
  "listening": 4,
  "joe": 4,
  "conference room 102": 4,
  "reporting": 4,
  "clothes": 4,
  "certain address": 4,
  "john": 3,
  "papa": 3,
  "really": 3,
  "aug": 3,
  "fantastic": 3,
  "assitant": 3,
  "stay": 3,
  "he": 3,
  "him": 3,
  "wind": 3,
  "alternative": 3,
  "worry": 3,
  "thrusday": 3,
  "highlighted": 3,
  "kidding": 3,
  "needing": 3,
  "mandarin": 3,
  "sigona": 3,
  "farmer": 3,
  "1 mile": 3,
  "ask": 3,
  "take-out": 3,
  "proceed": 3,
  "tired": 3,
  "either": 3,
  "ok.": 3,
  "fastes": 3,
  "doing": 3,
  "exercise": 3,
  "feeling": 3,
  "cover": 3,
  "mapping": 3,
  "marked": 3,
  "refill": 3,
  "desire": 3,
  "her": 3,
  "calculate": 3,
  "motel": 3,
  "knowing": 3,
  "open": 3,
  "``": 3,
  "''": 3,
  "whats": 3,
  "vaccination": 3,
  "memory": 3,
  "wow": 3,
  "select": 3,
  "beginning": 3,
  "asap": 3,
  "careful": 3,
  "3:30": 3,
  "forcast": 3,
  "followed": 3,
  "hungry": 3,
  "afternoon": 3,
  "webster": 3,
  "whichever": 3,
  "mark": 3,
  "saved": 3,
  "el": 3,
  "vp": 3,
  "dental": 3,
  "accident": 3,
  "people": 3,
  "response": 3,
  "frosty": 3,
  "midtown shopping center": 3,
  "approximately": 3,
  "no traffic": 3,
  "country": 3,
  "programmed": 3,
  "million": 3,
  "sit": 3,
  "evening": 3,
  "standford": 3,
  "workout": 3,
  "system": 3,
  "slow": 3,
  "having": 3,
  "until": 3,
  "5 mile": 3,
  "none": 2,
  "hand": 2,
  "entire": 2,
  "immediately": 2,
  "future": 2,
  "providing": 2,
  "oval": 2,
  "meaning": 2,
  "wanted": 2,
  "fill": 2,
  "especially": 2,
  "discussing": 2,
  "traffic..": 2,
  "104": 2,
  "ugh": 2,
  "activites": 2,
  "signing": 2,
  "1": 2,
  "finding": 2,
  "random": 2,
  "outlook": 2,
  "&": 2,
  "speak": 2,
  "5672": 2,
  "barringer": 2,
  "poi": 2,
  "learning": 2,
  "predicting": 2,
  "coupa": 2,
  "trying": 2,
  "nor": 2,
  "thre": 2,
  "short": 2,
  "temp": 2,
  "tooth": 2,
  "cloudiness": 2,
  "ouch..": 2,
  "music": 2,
  "meantime": 2,
  "stereo": 2,
  "purchase": 2,
  "hunger": 2,
  "reminded": 2,
  "sue": 2,
  "empty": 2,
  "started": 2,
  "together": 2,
  "waste": 2,
  "tueday": 2,
  "solves": 2,
  "springer": 2,
  "certainly": 2,
  "unable": 2,
  "lunch": 2,
  "stuck": 2,
  "appear": 2,
  "conference room 50": 2,
  "gasoline": 2,
  "promptly": 2,
  "phils": 2,
  "4:45": 2,
  "neither": 2,
  "comfort": 2,
  "inn": 2,
  "traveler": 2,
  "lodge": 2,
  "referring": 2,
  "july": 2,
  "heavey": 2,
  "program": 2,
  "child": 2,
  "include": 2,
  "3:30pm": 2,
  "moderate": 2,
  "root": 2,
  "repeat": 2,
  "whose": 2,
  "addres": 2,
  "wondering": 2,
  "deal": 2,
  "free": 2,
  "hurry": 2,
  "getting": 2,
  "such": 2,
  "instead": 2,
  "picking": 2,
  "above": 2,
  "86": 2,
  "course": 2,
  "hit": 2,
  "accomplish": 2,
  "must": 2,
  "slight": 2,
  "home..": 2,
  "round": 2,
  "table": 2,
  "news": 2,
  "southwest": 2,
  "102": 2,
  "checking": 2,
  "ca": 2,
  "love": 2,
  "identical": 2,
  "bathroom": 2,
  "massage": 2,
  "seat": 2,
  "broken": 2,
  "headed": 2,
  "gathering": 2,
  "16th": 2,
  "invited": 2,
  "amazing": 2,
  "anyway..": 2,
  "adding": 2,
  "produce": 2,
  "stand": 2,
  "n": 2,
  "follows": 2,
  "accompanying": 2,
  "pm": 2,
  "reserve": 2,
  "made": 2,
  "5:50": 2,
  "delay": 2,
  "seatlle": 2,
  "frank": 2,
  "9th": 2,
  "county": 2,
  "navigator": 1,
  "nextt": 1,
  "uhh": 1,
  "bud": 1,
  "lined": 1,
  "pain": 1,
  "rainy..": 1,
  "serving": 1,
  "wide": 1,
  "condition": 1,
  "preferably": 1,
  "otherwise": 1,
  "error": 1,
  "chosen": 1,
  "enter": 1,
  "lose": 1,
  "miss": 1,
  "testing": 1,
  "certain": 1,
  "philzis": 1,
  "retrieve": 1,
  "lost": 1,
  "s": 1,
  "additional": 1,
  "wrong": 1,
  "vary": 1,
  "thusday": 1,
  "atheron": 1,
  "minimum": 1,
  "welcone": 1,
  "pic": 1,
  "alternately": 1,
  "presently": 1,
  "confused": 1,
  "worried": 1,
  "sure..": 1,
  "s.l.o.w.l.y": 1,
  "exact": 1,
  "recorded": 1,
  "starving": 1,
  "using": 1,
  "probably": 1,
  "alrigth": 1,
  "ventia": 1,
  "repetitive": 1,
  "best..": 1,
  "parl": 1,
  "use": 1,
  "10:00am": 1,
  "2am": 1,
  "reiterate": 1,
  "closet": 1,
  "fact": 1,
  "happening": 1,
  "choose": 1,
  "awful": 1,
  "sorry..": 1,
  "tho": 1,
  "temperture": 1,
  "italian": 1,
  "style": 1,
  "espresso": 1,
  "double": 1,
  "mix": 1,
  ">": 1,
  "exception": 1,
  "despite": 1,
  "heave": 1,
  "thats": 1,
  "attending..": 1,
  "12": 1,
  "placing": 1,
  "requested": 1,
  "item": 1,
  "ready": 1,
  "whenever": 1,
  "central": 1,
  "pulled": 1,
  "30-50s": 1,
  "warmest": 1,
  "understood": 1,
  "seeking": 1,
  "please..": 1,
  "matter": 1,
  "maybe": 1,
  "startbucks": 1,
  "peets..": 1,
  "ahead": 1,
  "22and": 1,
  "ever": 1,
  "average": 1,
  "fahrenheit": 1,
  "saurday": 1,
  "outcast": 1,
  "chans": 1,
  "pizza/": 1,
  "lighter": 1,
  "cleat": 1,
  "sell": 1,
  "directionsome": 1,
  "third": 1,
  "trough": 1,
  "\\": 1,
  "route..": 1,
  "saturday.": 1,
  "experience": 1,
  "fairly": 1,
  "warmer": 1,
  "noooooooo": 1,
  "relax": 1,
  "doesnt": 1,
  "relevant": 1,
  "medication": 1,
  "somewhat": 1,
  "indication": 1,
  "cost": 1,
  "wait": 1,
  "rea": 1,
  "climate": 1,
  "2opm": 1,
  "marta": 1,
  "starve": 1,
  "trust": 1,
  "regret": 1,
  "wold": 1,
  "civic": 1,
  "kill": 1,
  "wirth": 1,
  "one..": 1,
  "yo": 1,
  "clarify": 1,
  "starbuck": 1,
  "travel": 1,
  "bet": 1,
  "joes": 1,
  "wet": 1,
  "misspoken": 1,
  "trouble": 1,
  "mid": 1,
  "med": 1,
  "wed": 1,
  "suffice": 1,
  "bro": 1,
  "plotted": 1,
  "fresco": 1,
  "routh": 1,
  "chanel": 1,
  "vote": 1,
  "chicken": 1,
  "orange": 1,
  "shrimp": 1,
  "nut": 1,
  "enroute": 1,
  "issue": 1,
  "pas": 1,
  "mine": 1,
  "greatly": 1,
  "eventually": 1,
  "type": 1,
  "promising..": 1,
  "encounter": 1,
  "please.s": 1,
  "secheduled": 1,
  "among": 1,
  "hai": 1,
  "wdnesday": 1,
  "displayed": 1,
  "advised": 1,
  "adddress": 1,
  "coupe": 1,
  "traffic/": 1,
  "704": 1,
  "fun": 1,
  "mount": 1,
  "rsvp": 1,
  "responded": 1,
  "acceptable": 1,
  "coupas": 1,
  "123": 1,
  "elm": 1,
  "shoot": 1,
  "sunny": 1,
  "ya": 1,
  "agree": 1,
  "seriously": 1,
  "april": 1,
  "2017": 1,
  "thurs": 1,
  "receive": 1,
  "whoever": 1,
  "sweet": 1,
  "session": 1,
  "nowy": 1,
  "5:00pm": 1,
  "falling": 1,
  "heard": 1,
  "given": 1,
  "searched": 1,
  "welcoem": 1,
  "impending": 1,
  "fancisco": 1,
  "sensibly": 1,
  "lower": 1,
  "coldest": 1,
  "giving": 1,
  "finally": 1,
  "mappling": 1,
  "somehow": 1,
  "likely": 1,
  "carefull": 1,
  "100.": 1,
  "reached": 1,
  "super": 1,
  "hhumid": 1,
  "suday": 1,
  "load": 1,
  "anyt": 1,
  "towards": 1,
  "p.f": 1,
  "storming": 1,
  "fasest": 1,
  "yor": 1,
  "putting": 1,
  "drink": 1,
  "fasted": 1,
  "big": 1,
  "apple": 1,
  "guide": 1,
  "drunk..": 1,
  "traveling": 1,
  "series": 1,
  "ups": 1,
  "confirmed": 1,
  "22th": 1,
  "iniglewood": 1,
  "coffe": 1,
  "rather": 1,
  "gather": 1,
  "wild": 1,
  "20.": 1,
  "joint": 1,
  "further": 1,
  "648amherst": 1,
  "ahlambra": 1,
  "30-40": 1,
  "20-30": 1,
  "s=would": 1,
  "private": 1,
  "radio": 1,
  "5pm..tomorrow": 1,
  "rhank": 1,
  "scattered": 1,
  "90f": 1,
  "including": 1,
  "respectively": 1,
  "potential": 1,
  "satisfy": 1,
  "prevision": 1,
  "liked": 1,
  "ingelwood": 1,
  "altherton": 1,
  "activate": 1,
  "uff..": 1,
  "closeest": 1,
  "wil": 1,
  "pronto": 1,
  "m": 1,
  "hacienda": 1,
  "insert": 1,
  "jang": 1,
  "loved": 1,
  "yelp": 1,
  "welsome": 1,
  "you1": 1,
  "chef": 1,
  "chu": 1,
  "detour": 1,
  "avalible": 1,
  "preferred": 1,
  "scedule": 1,
  "changing": 1,
  "pulling": 1,
  "distracted": 1,
  "focus": 1,
  "probability": 1,
  "regarding": 1,
  "actual": 1,
  "possibly": 1,
  "everyday": 1,
  "except": 1,
  "ive": 1,
  "teh": 1,
  "directions..": 1,
  "jingcan": 1,
  "running": 1,
  "nooo": 1,
  "removed": 1,
  "mountianview": 1,
  "wearther": 1,
  "varies": 1,
  "wet..": 1,
  "adress": 1,
  "whom": 1,
  "includes": 1,
  "probem": 1,
  "man": 1,
  "warn": 1,
  "satruday": 1,
  "terrific": 1,
  "jones": 1,
  "contain": 1,
  "ranging": 1,
  "girl": 1,
  "boy": 1,
  "dose": 1,
  "original": 1,
  "ther": 1,
  "run": 1,
  "maping": 1,
  "jong": 1,
  "time..": 1,
  "tio": 1,
  "valeros": 1,
  "chrildrens": 1,
  "heat": 1,
  "beside": 1,
  "a\\address": 1,
  "bad": 1,
  "office": 1,
  "point": 1,
  "person": 1,
  "thankyou": 1,
  "multiple": 1,
  "30-50": 1,
  "sort": 1,
  "60-80": 1,
  "gover": 1,
  "mainly": 1,
  "daughter": 1,
  "understand..": 1,
  "reminding": 1,
  "9:00": 1,
  "a.m": 1,
  "extremely": 1,
  "'him": 1,
  "shown": 1,
  "understand": 1,
  "ravenwood": 1,
  "drom": 1,
  "fastesr": 1,
  "present": 1,
  "coffee..": 1,
  "keep": 1,
  ".is": 1,
  "light": 1,
  "feed": 1,
  "siri": 1,
  "replace": 1,
  "8": 1,
  "speed": 1,
  "fair": 1,
  "calender": 1,
  "humidity": 1,
  "collison": 1,
  "arrival": 1,
  "following": 1,
  "restaraunt": 1,
  "plese": 1,
  "woud": 1,
  "thinking": 1,
  "happened": 1,
  "yesterday": 1,
  "story..": 1,
  "clinic": 1,
  "beloved": 1,
  "hard": 1,
  "crash": 1,
  "apartment": 1,
  "remain": 1,
  "drzzle": 1,
  "half": 1,
  "80-": 1,
  "zero": 1,
  "dec": 1,
  "notification": 1,
  "mention": 1,
  "camarillon": 1,
  "journey": 1,
  "sad..": 1,
  "welcome..": 1,
  "hottest": 1,
  "pay": 1,
  "attention": 1,
  "toward": 1,
  "occasion": 1,
  "radius": 1,
  "others": 1,
  "pich": 1,
  "flip": 1,
  "coin": 1,
  "reboot": 1,
  "did..": 1,
  "awful..": 1,
  "initiating": 1,
  "situated": 1,
  "similar": 1,
  "heh": 1,
  "co": 1,
  "3.": 1,
  "go over quarterly report": 1,
  "guessing": 1,
  "mood": 1,
  "car..": 1
}